{"type":"RNNTimeStep","options":{"inputSize":1,"inputRange":0,"hiddenLayers":[20],"outputSize":1,"decayRate":0.999,"smoothEps":1e-8,"regc":0.000001,"clipval":5,"maxPredictionLength":100,"dataFormatter":{"indexTable":{},"characterTable":{},"characters":[],"specialIndexes":[]}},"hiddenLayers":[{"weight":{"rows":20,"columns":1,"weights":[0.1891111582517624,-0.03651374205946922,-0.13731566071510315,-0.13835620880126953,0.2536506950855255,0.17822511494159698,-0.049820806831121445,0.21250207722187042,0.01556217111647129,0.09247753769159317,-0.16716668009757996,0.07254061847925186,0.22027455270290375,-0.05968499183654785,0.015191749669611454,-0.157048299908638,-0.16808359324932098,-0.03171594440937042,0.014729831367731094,0.026831215247511864]},"transition":{"rows":20,"columns":20,"weights":[-0.1705787628889084,0.03404612839221954,-0.010447796434164047,0.023157740011811256,0.38133931159973145,-0.11147980391979218,0.040262289345264435,0.22108274698257446,-0.1447833776473999,-0.030846254900097847,0.03576412424445152,0.17642712593078613,0.2245650291442871,-0.018116606399416924,-0.07914792746305466,0.07773919403553009,-0.014069730415940285,0.019554907456040382,0.008751132525503635,-0.11850534379482269,-0.01786334626376629,-0.054548993706703186,-0.03585377708077431,-0.032560672610998154,-0.06470570713281631,-0.06182796508073807,-0.01712159626185894,0.054780263453722,-0.011115473695099354,-0.07205231487751007,0.013747155666351318,-0.007182731293141842,-0.046037375926971436,-0.01397752296179533,-0.05710805952548981,0.03552809730172157,-0.037738699465990067,-0.024811286479234695,-0.003757587866857648,-0.04768427088856697,-0.16604360938072205,-0.017378119751811028,0.02819443866610527,0.06179191544651985,-0.016271457076072693,-0.062279112637043,0.014798029325902462,-0.016664819791913033,-0.03489917144179344,-0.12856006622314453,-0.02195783145725727,-0.0009289075969718397,-0.0009873660746961832,0.0568617545068264,-0.029847925528883934,0.04762066900730133,0.005611733067780733,0.013491750694811344,-0.049896981567144394,0.06286739557981491,-0.004617397673428059,-0.05428560450673103,0.010774659924209118,-0.058316849172115326,-0.011051232926547527,0.049448736011981964,0.0006022269371896982,0.00590797932818532,0.024543749168515205,-0.032116636633872986,-0.002691683592274785,-0.01908586360514164,0.013433401472866535,-0.009733252227306366,0.01100918184965849,-0.008557605557143688,0.017386524006724358,-0.004974761046469212,0.07215151190757751,-0.03029247745871544,0.08918239176273346,-0.06305325031280518,-0.02896043471992016,-0.0056111933663487434,0.038986075669527054,-0.572627067565918,0.04877176135778427,-0.009820180013775826,-0.11291754245758057,-0.03974411264061928,-0.06770573556423187,-0.1309228390455246,0.03828591853380203,-0.058866456151008606,-0.005408288910984993,-0.0353252999484539,-0.009126067161560059,-0.01857604831457138,-0.12701165676116943,-0.07227197289466858,-0.009216208942234516,-0.009458820335566998,0.019435938447713852,0.03711917623877525,0.09166084229946136,0.05658012628555298,0.0785081535577774,0.015253162011504173,0.05710894241929054,0.03199306130409241,-0.07451600581407547,0.07662653177976608,0.09305319935083389,0.002568440278992057,0.006208948325365782,0.06168142333626747,-0.022961033508181572,0.05585815757513046,-0.049489449709653854,0.052025120705366135,-0.06264936923980713,0.05525926500558853,0.04391548037528992,-0.022840924561023712,0.029485134407877922,0.06522143632173538,-0.05714012309908867,0.043420981615781784,-0.036454349756240845,0.027736112475395203,-0.059841614216566086,-0.06749185174703598,-0.07202993333339691,-0.048163339495658875,-0.004866770468652248,0.061195965856313705,0.023923737928271294,-0.028826741501688957,0.030018793419003487,-0.013770225457847118,0.11409671604633331,-0.050877638161182404,-0.02400132827460766,0.06599516421556473,0.18151132762432098,-0.11070835590362549,-0.07324837893247604,0.1093091145157814,-0.08858352154493332,-0.04130004718899727,0.06954730302095413,0.16799725592136383,0.22457769513130188,0.031112849712371826,0.013552193529903889,0.03921728953719139,0.07039906829595566,0.001976477913558483,0.050545353442430496,0.0561213381588459,-0.00712633179500699,-0.06457925587892532,0.003214094555005431,0.060388460755348206,-0.017337925732135773,-0.1676217019557953,0.03299235552549362,-0.033295888453722,-0.013181614689528942,-0.009524178691208363,0.07586897164583206,-0.064601831138134,-0.0573684386909008,0.022392205893993378,-0.10982295125722885,-0.051542527973651886,0.06019195169210434,-0.03642093762755394,-0.039347801357507706,0.006855718791484833,0.10688287764787674,0.046408288180828094,0.0764041319489479,-0.01028408482670784,0.2903471887111664,-0.19576403498649597,-0.037589576095342636,0.017998557537794113,0.2169748842716217,0.3711108863353729,-0.04384969547390938,-0.04539219290018082,0.0925116091966629,-0.029889727011322975,0.1918170303106308,-0.06670314073562622,-0.006806551944464445,0.046442966908216476,0.19789773225784302,0.1606249064207077,-0.12027190625667572,-0.051693160086870193,0.012469991110265255,-0.0747898519039154,-0.060649897903203964,-0.02859964594244957,-0.03441149368882179,-0.17283953726291656,0.035544149577617645,-0.0917556956410408,-0.04573838785290718,-0.21544137597084045,-0.1846604347229004,0.05629141256213188,0.038628630340099335,0.02125350572168827,0.04632491618394852,-0.017682233825325966,0.06683473289012909,0.010472008027136326,0.037428118288517,0.054719168692827225,-0.02585766650736332,-0.03918123617768288,0.4962649643421173,0.1034698486328125,0.07040506601333618,0.11293249577283859,0.26397570967674255,-0.0008323808433488011,-0.009421034716069698,0.14753256738185883,0.02169719524681568,0.022028084844350815,0.05296910181641579,0.04717548191547394,-0.048901718109846115,0.008825898170471191,0.3000949025154114,0.10804740339517593,-0.0014391358708962798,-0.04119590297341347,-0.0785088986158371,-0.025142183527350426,0.30404070019721985,-0.11273398250341415,0.05838644132018089,0.13741177320480347,0.051531627774238586,0.04395062476396561,-0.0037795070093125105,0.1625797152519226,0.09371613711118698,0.049166567623615265,0.02147524058818817,0.03835953399538994,-0.05215182527899742,-0.013708285987377167,0.12047065794467926,0.0640290230512619,-0.0400298535823822,0.03482205793261528,-0.028681980445981026,-0.07618313282728195,0.042995233088731766,0.06046144664287567,0.03612007200717926,-0.01870153471827507,0.002817050088196993,-0.058653224259614944,-0.06247708201408386,0.04240734130144119,-0.0033550758380442858,-0.021375443786382675,-0.0766221210360527,-0.05155077204108238,-0.024499991908669472,0.039117634296417236,-0.07253240793943405,0.04575415700674057,-0.030506977811455727,0.06065279617905617,0.05337335541844368,0.056330788880586624,-0.06735018640756607,-0.23025217652320862,-0.03215567395091057,0.04433606192469597,-0.13210147619247437,-0.12386959046125412,-0.06757548451423645,-0.0665321871638298,-0.020250068977475166,0.06259185075759888,-0.18360871076583862,-0.06355321407318115,0.05666975677013397,-0.04077201336622238,-0.17553795874118805,-0.21758122742176056,-0.13523167371749878,0.07108893245458603,-0.015237768180668354,-0.04689221456646919,-0.01870225928723812,0.03813975304365158,-0.06761277467012405,-0.03505542874336243,0.0424140989780426,-0.02071988210082054,-0.040138114243745804,-0.054671067744493484,0.014037275686860085,-0.039752352982759476,-0.020671622827649117,-0.061312198638916016,-0.07077572494745255,0.038964368402957916,-0.017346216365695,-0.06967755407094955,-0.03832488879561424,0.06599407643079758,-0.07798444479703903,0.06959886103868484,-0.05071549862623215,0.030145805329084396,-0.017007868736982346,0.05337996408343315,-0.0202620979398489,-0.12120679020881653,-0.03246581181883812,-0.10515037924051285,-0.042554453015327454,0.005742137786000967,-0.009271007962524891,-0.006051957141608,0.005557792726904154,0.053700629621744156,-0.012154877185821533,0.013167554512619972,0.028301414102315903,-0.049085333943367004,-0.05288192257285118,0.032363489270210266,-0.05495147779583931,