{"type":"RNNTimeStep","options":{"inputSize":1,"inputRange":0,"hiddenLayers":[20],"outputSize":1,"decayRate":0.999,"smoothEps":1e-8,"regc":0.000001,"clipval":5,"maxPredictionLength":100,"dataFormatter":{"indexTable":{},"characterTable":{},"characters":[],"specialIndexes":[]}},"hiddenLayers":[{"weight":{"rows":20,"columns":1,"weights":[0.1902463138103485,-0.03673725947737694,-0.13812032341957092,-0.1391608715057373,0.2552056908607483,0.1792980283498764,-0.050111379474401474,0.21375474333763123,0.021309789270162582,0.09302873909473419,-0.1681501567363739,0.0729740709066391,0.22161568701267242,-0.060042619705200195,0.020266901701688766,-0.15803177654743195,-0.16906706988811493,-0.031917110085487366,0.01556117832660675,0.018546409904956818]},"transition":{"rows":20,"columns":20,"weights":[-0.1716051548719406,0.03424729406833649,-0.010509263724088669,0.023292584344744682,0.3836474120616913,-0.11214346438646317,0.04050815850496292,0.2224152684211731,-0.07493138313293457,-0.031028717756271362,0.03598764166235924,0.17749345302581787,0.22591882944107056,-0.01822836510837078,-0.012178201228380203,0.07818622887134552,-0.014153549447655678,0.019677557051181793,0.08535598963499069,-0.06250031292438507,-0.017975104972720146,-0.05488426983356476,-0.03607729449868202,-0.0327618382871151,-0.0651080384850502,-0.06220794469118118,-0.017222179099917412,0.05511553958058357,-0.011182528920471668,-0.0724993497133255,0.013830974698066711,-0.007225100416690111,-0.04630559682846069,-0.014061341993510723,-0.05744333565235138,0.03575161471962929,-0.03796221688389778,-0.02495657280087471,-0.0037799396086484194,-0.047974843531847,-0.167027086019516,-0.0174787025898695,0.028362076729536057,0.06217189505696297,-0.016372039914131165,-0.06264973431825638,0.014887436293065548,-0.016765402629971504,-0.035100337117910385,-0.1293647289276123,-0.0220919419080019,-0.0009344955324195325,-0.0009933820692822337,0.05719703063368797,-0.030026739463210106,0.04791124165058136,0.00564526068046689,0.013574682176113129,-0.05018755421042442,0.06322502344846725,-0.004645337350666523,-0.054620880633592606,0.010841715149581432,-0.05867447704076767,-0.011118288151919842,0.04973930865526199,0.0006057193968445063,0.0059443009085953236,0.02468903549015522,-0.03231780230998993,-0.0027084473986178637,-0.019197622314095497,0.013512165285646915,-0.009790156967937946,0.011076237075030804,-0.008607896976172924,0.01748710684478283,-0.005005494691431522,0.07259854674339294,-0.03047129139304161,0.08971910923719406,-0.06342100352048874,-0.02913924865424633,-0.005644720979034901,0.039220813661813736,-0.5762029886245728,0.0490623340010643,-0.009879551827907562,-0.10514424741268158,-0.03998151421546936,-0.06810806691646576,-0.13172706961631775,0.03852485492825508,-0.05922408401966095,0.0026222835294902325,-0.0355416014790535,-0.009181946516036987,-0.018687807023525238,-0.11862024664878845,-0.06591062992811203,-0.009270701557397842,-0.009514699690043926,0.01954769715666771,0.03734269365668297,0.0922207236289978,0.056924983859062195,0.07899989187717438,0.015346428379416466,-0.010386547073721886,0.03218500316143036,-0.0749630406498909,0.07710547000169754,0.0936213880777359,0.0025838071014732122,-0.025511454790830612,0.06206140294671059,-0.0230951439589262,0.056193433701992035,-0.0939839780330658,0.0403718464076519,-0.06300699710845947,0.055594541132450104,0.044183701276779175,-0.02297503501176834,0.029663948342204094,0.06562376767396927,-0.05747539922595024,0.04368920251727104,-0.03667786717414856,0.02790375053882599,-0.06019924208521843,-0.06789418309926987,-0.07247696816921234,-0.048453912138938904,-0.004895237274467945,0.06155898794531822,0.02406902424991131,-0.029002606868743896,0.03019760735332966,-0.013854044489562511,0.11478868126869202,-0.051190562546253204,-0.024146614596247673,0.06639749556779861,0.18262392282485962,-0.11137023568153381,-0.07369541376829147,0.10996615141630173,-0.06413031369447708,-0.041547007858753204,0.06994963437318802,0.16904206573963165,0.2259203940629959,0.03129973262548447,0.037461668252944946,0.03946315869688988,0.07080372422933578,0.001988728065043688,0.07789304107427597,0.07649137824773788,-0.007168241310864687,-0.06498158723115921,0.0032336523290723562,0.06074608862400055,-0.017438508570194244,-0.16860517859458923,0.033193521201610565,-0.033497054129838943,-0.013259845785796642,-0.009580058045685291,0.07631600648164749,-0.06500416249036789,-0.057703714817762375,0.022526316344738007,-0.110493503510952,-0.05185545235872269,0.06054957956075668,-0.036644455045461655,-0.03959367051720619,0.006897628307342529,0.10752207040786743,0.04668571054935455,0.07685116678476334,-0.010345552116632462,0.2920754551887512,-0.19693395495414734,-0.03781309351325035,0.018104948103427887,0.17532801628112793,0.3733128309249878,-0.044117916375398636,-0.045664627104997635,0.09306149929761887,-0.030068540945649147,0.1520502269268036,-0.06710547208786011,-0.006848461460322142,0.04672327637672424,0.1527308076620102,0.12755551934242249,-0.12098716199398041,-0.052006084471940994,0.012542634271085262,-0.07523688673973083,-0.06100752577185631,-0.028767284005880356,-0.034612659364938736,-0.1739124208688736,0.03576766699552536,-0.09229213744401932,-0.04600660875439644,-0.2167378067970276,-0.18573331832885742,0.056626688688993454,0.03885214775800705,0.021376440301537514,0.046595390886068344,-0.017792560160160065,0.06723706424236298,0.010533475317060947,0.03765588998794556,0.0550544448196888,-0.02601412869989872,-0.03942710533738136,0.4992471933364868,0.10409505665302277,0.07081039249897003,0.11361333727836609,0.29259902238845825,-0.0008351835422217846,-0.009476914070546627,0.14842133224010468,0.021828841418027878,0.022162195295095444,0.07908905297517776,0.04746605455875397,-0.049192290753126144,0.008879370987415314,0.33123305439949036,0.13054567575454712,-0.0014471047325059772,-0.041441772133111954,-0.07900063693523407,-0.025298375636339188,0.30588650703430176,-0.11341557651758194,0.05874406918883324,0.13821843266487122,0.06611225008964539,0.044217754155397415,-0.003801858751103282,0.16353918612003326,0.0942835807800293,0.049457140266895294,0.03521955758333206,0.03858305141329765,-0.05246474966406822,-0.01379210501909256,0.13666105270385742,0.0759095847606659,-0.04027572274208069,0.035023223608732224,-0.028849618509411812,-0.07663016766309738,0.043263453990221024,0.060819074511528015,0.036343589425086975,-0.018813293427228928,0.0028338138945400715,-0.05901085212826729,-0.06283605843782425,0.04265321046113968,-0.003374633612111211,-0.02150546759366989,-0.07706915587186813,-0.05186369642615318,-0.024645278230309486,0.03936350345611572,-0.07297944277524948,0.04602237790822983,-0.0306857917457819,0.06101042404770851,0.05368627980351448,0.056666065007448196,-0.06775251775979996,-0.2316349744796753,-0.03235683962702751,0.044604282826185226,-0.13290613889694214,-0.12462954968214035,-0.06797781586647034,-0.06693451851606369,-0.02037300355732441,0.06294947862625122,-0.18468159437179565,-0.06395554542541504,0.057005032896995544,-0.04101788252592087,-0.17661084234714508,-0.21892233192920685,-0.13603633642196655,0.07153596729040146,-0.01532717514783144,-0.04718278720974922,-0.01881401799619198,0.038363270461559296,-0.06801510602235794,-0.03525659441947937,0.04265996813774109,-0.020842816680669785,-0.04038398340344429,-0.05500634387135506,0.014121094718575478,-0.03999822214245796,-0.02079455740749836,-0.06168248504400253,-0.0712222307920456,0.039195120334625244,-0.01744679920375347,-0.07007988542318344,-0.03854840621352196,0.06639640778303146,-0.07845152169466019,0.07000119239091873,-0.05102842301130295,0.030324619263410568,-0.017108451575040817,0.05369288846850395,-0.020385032519698143,-0.12192204594612122,-0.03266697749495506,-0.10577622801065445,-0.04280032217502594,0.005775665398687124,-0.00932688731700182,-0.0060882787220180035,0.005591320339590311,0.05401355400681496,-0.01222752034664154,0.013245785608887672,0.02846905216574669,-0.049375906586647034,-0.05319484695792198,0.03256465494632721,-0.05528675392270088,