{"type":"RNNTimeStep","options":{"inputSize":1,"inputRange":0,"hiddenLayers":[20],"outputSize":1,"decayRate":0.999,"smoothEps":1e-8,"regc":0.000001,"clipval":5,"maxPredictionLength":100,"dataFormatter":{"indexTable":{},"characterTable":{},"characters":[],"specialIndexes":[]}},"hiddenLayers":[{"weight":{"rows":20,"columns":1,"weights":[0.22586791217327118,-0.08458279818296432,0.027362067252397537,-0.11683034896850586,0.4900108277797699,0.2029954493045807,0.04794730618596077,0.23718087375164032,0.013191101141273975,0.034110456705093384,0.044910114258527756,0.17970192432403564,0.35112035274505615,0.04755599424242973,0.4407668113708496,0.013230678625404835,-0.05626729130744934,0.005817857570946217,0.363752156496048,0.07000336796045303]},"transition":{"rows":20,"columns":20,"weights":[0.0479297861456871,0.008026820607483387,-0.03668927028775215,0.1424657255411148,-0.08502340316772461,0.034235645085573196,0.08291331678628922,0.011188610456883907,0.10420472919940948,0.012153074145317078,-0.03974903002381325,0.05459653586149216,-0.07604753226041794,0.07040386646986008,-0.006709475070238113,0.07978011667728424,-0.06163916364312172,0.02571490779519081,-0.08884324878454208,0.06220945715904236,-0.17691627144813538,-0.11598966270685196,0.05834387615323067,-0.07399805635213852,-0.16582557559013367,0.018106644973158836,-0.0006969735841266811,-0.11793975532054901,-0.020641647279262543,0.040211502462625504,-0.07072114199399948,-0.2300959676504135,-0.1651722490787506,-0.01256394013762474,-0.126556396484375,0.0715082660317421,-0.03579767793416977,0.06536843627691269,-0.17160017788410187,-0.0603095144033432,-0.014264466241002083,0.07530635595321655,0.01640339195728302,0.02460256591439247,-0.05528755486011505,-0.007559760473668575,-0.0629657506942749,0.01246001198887825,-0.1333041787147522,-0.02438664250075817,-0.038994066417217255,-0.06725601106882095,0.05234353244304657,0.035176753997802734,-0.004151313565671444,-0.039838340133428574,-0.05111480504274368,-0.019030028954148293,-0.05034337565302849,-0.059625864028930664,-0.1013551875948906,0.014470520429313183,-0.061035625636577606,-0.2451726198196411,-0.18709346652030945,-0.11604822427034378,0.0319194495677948,-0.14472948014736176,-0.053282883018255234,0.052964404225349426,-0.027409691363573074,-0.21068964898586273,-0.1354655772447586,-0.07841350883245468,-0.12429694831371307,0.04102038964629173,0.0038757482543587685,0.013519483618438244,-0.20651905238628387,-0.01923360489308834,0.12868784368038177,0.13843552768230438,0.06572552025318146,0.1659475862979889,0.0808928981423378,0.01753656566143036,0.0016283080913126469,0.17451690137386322,0.05729249492287636,0.0003838531265500933,0.09391769766807556,0.01216572429984808,0.048675499856472015,-0.02909286506474018,0.12132802605628967,0.027183525264263153,0.047740090638399124,0.02180357649922371,0.03460976481437683,0.08830233663320541,0.055382221937179565,0.22265909612178802,0.061011604964733124,0.0779871791601181,0.03565302863717079,-0.23806582391262054,0.004343455657362938,0.1877240389585495,0.09133241325616837,0.05416427552700043,0.09704318642616272,0.10765676945447922,0.12229900062084198,0.0362812839448452,0.04214293509721756,0.10904665291309357,0.05157037824392319,0.1454378366470337,0.08274966478347778,0.04492698237299919,-0.1438474953174591,0.033953920006752014,-0.11558163911104202,-0.05120151862502098,-0.1008615493774414,-0.006253884173929691,-0.11794022470712662,-0.10212179273366928,-0.17969943583011627,0.01664425991475582,-0.0935591533780098,-0.1169184148311615,-0.06425453722476959,-0.10513263195753098,-0.05824316293001175,-0.059036508202552795,-0.010459857061505318,-0.17872585356235504,-0.052839796990156174,-0.015778683125972748,0.12356173992156982,0.06422042846679688,0.006624434608966112,0.03812762722373009,-0.10849479585886002,-0.024218834936618805,0.10154356807470322,0.02314206399023533,0.11960647255182266,0.03839714080095291,-0.03258449584245682,0.07700948417186737,0.031132683157920837,-0.04013098031282425,-0.034013159573078156,-0.004327379632741213,0.025841042399406433,0.08715681731700897,-0.04538223519921303,0.058743998408317566,-0.20350444316864014,-0.04730008915066719,-0.09354296326637268,0.05726398900151253,-0.001969246193766594,-0.03943576291203499,-0.14392375946044922,-0.12945976853370667,-0.10155593603849411,-0.10706110298633575,-0.09762436896562576,-0.21573840081691742,-0.021695155650377274,-0.03138459846377373,-0.06306524574756622,-0.1575716882944107,-0.0061342488043010235,-0.21430933475494385,-0.11350727826356888,-0.11348415166139603,-0.02634223736822605,0.038682013750076294,0.010949017480015755,0.07327385246753693,-0.03759769722819328,-0.07043114304542542,0.003906968515366316,-0.06268398463726044,-0.16081537306308746,0.0017244163900613785,0.00676742335781455,-0.0432078056037426,-0.06377051770687103,0.02389518916606903,0.011782489717006683,-0.029359659180045128,0.06645528227090836,-0.024402761831879616,-0.06895808130502701,-0.002126459265127778,-0.2307550460100174,-0.0012094869744032621,-0.17003469169139862,0.05818755552172661,-0.11025051772594452,-0.1271037608385086,-0.18513935804367065,-0.22455689311027527,-0.1278001368045807,-0.09901221841573715,-0.15114542841911316,-0.21923285722732544,-0.07912729680538177,-0.01717253401875496,-0.07900410145521164,-0.1716824620962143,-0.03750751167535782,-0.18946155905723572,-0.11191441863775253,-0.1304018348455429,0.1488269418478012,0.21581146121025085,0.08419173210859299,0.1705358326435089,0.13094259798526764,-0.05098051577806473,0.23246745765209198,0.12555088102817535,0.11206736415624619,0.13819827139377594,0.1868811696767807,-0.008122286759316921,0.07386679947376251,0.06453216820955276,0.04627938196063042,0.15114504098892212,-0.009297621436417103,0.20443569123744965,0.15522581338882446,0.12328891456127167,0.11009619385004044,0.19097943603992462,0.07452774792909622,0.10076872259378433,-0.06306109577417374,-0.018921537324786186,0.02695038914680481,0.12990416586399078,0.09841713309288025,0.030704285949468613,0.08178265392780304,0.05430963262915611,0.022410714998841286,0.02449139766395092,0.061065640300512314,0.07273600250482559,0.07287535816431046,0.007350719068199396,0.03740436211228371,-0.016012992709875107,-0.15257743000984192,0.018229492008686066,-0.11494636535644531,0.026864970102906227,-0.11974551528692245,-0.03716319426894188,-0.015440446324646473,-0.11613931506872177,-0.13200294971466064,-0.05097590759396553,-0.0037021799944341183,-0.21262302994728088,-0.07190851867198944,-0.00032859432394616306,0.0217788964509964,-0.05104333534836769,-0.020976074039936066,-0.18580371141433716,-0.10970709472894669,-0.012619003653526306,-0.003873154055327177,0.12265533208847046,0.0943785309791565,0.05122138559818268,0.013987540267407894,-0.02610090747475624,0.004500470589846373,0.10274648666381836,0.078654445707798,0.042061202228069305,-0.029934510588645935,-0.0757572203874588,0.05842432752251625,0.054462697356939316,0.041114743798971176,0.018708543851971626,-0.026803532615303993,0.06640279293060303,0.0033340798690915108,-0.029413893818855286,-0.052716150879859924,0.05411152169108391,-0.017839109525084496,0.01820969209074974,-0.09450012445449829,0.017998244613409042,0.009613561443984509,-0.11907981336116791,-0.2128417044878006,0.026305904611945152,-0.049589548259973526,-0.07390197366476059,0.008772676810622215,-0.06533908098936081,-0.08968351036310196,-0.08018766343593597,0.003966995980590582,-0.13083435595035553,-0.07750236243009567,0.02983904629945755,-0.00486823869869113,0.020044587552547455,0.0026966563891619444,-0.000867080467287451,-0.03797627612948418,-0.07244408130645752,0.05716649070382118,-0.052810702472925186,-0.01592092588543892,-0.07508675009012222,-0.067689910531044,-0.06358148902654648,-0.028661873191595078,0.013951841741800308,0.07815556973218918,0.025147145614027977,-0.041090164333581924,-0.032461896538734436,-0.0563616082072258,-0.035949766635894775,-0.029853597283363342,0.0303674153983593,-0.012787088751792908,-0.06869662553071976,-0.10363998264074326,0.0336688794195652,-0.015011352486908436,